"Tipo_Patogeno","media_disseminacao","total_mortes"
Virus,4.893296163547068,163453270
Bacteria,8.15345452857119,122028939
Unknown,8.334999978542328,550000
